{"cameraMode":{"drawMode":0,"name":"Shaded","section":"Shading Mode"},"sceneLighting":true,"audioPlay":false,"sceneViewState":{"showFog":false,"showMaterialUpdate":false,"showSkybox":true,"showFlares":false,"showImageEffects":false,"showParticleSystems":false},"in2DMode":false,"pivot":{"x":6.718554496765137,"y":-1.308718204498291,"z":164.71412658691407},"rotation":{"x":-0.0071888514794409279,"y":0.012310914695262909,"z":0.00011512582568684593,"w":0.9999266266822815},"size":153.94573974609376,"orthographic":false}