{"cameraMode":{"drawMode":0,"name":"Shaded","section":"Shading Mode"},"sceneLighting":false,"audioPlay":false,"sceneViewState":{"showFog":false,"showMaterialUpdate":false,"showSkybox":false,"showFlares":false,"showImageEffects":false,"showParticleSystems":false},"in2DMode":false,"pivot":{"x":14.852380752563477,"y":0.6266765594482422,"z":6.722058296203613},"rotation":{"x":-0.2548419237136841,"y":0.30311059951782229,"z":-0.08448228985071182,"w":-0.9143721461296082},"size":2.6660289764404299,"orthographic":false}