{"cameraMode":{"drawMode":0,"name":"Shaded","section":"Shading Mode"},"sceneLighting":false,"audioPlay":false,"sceneViewState":{"showFog":false,"showMaterialUpdate":false,"showSkybox":false,"showFlares":false,"showImageEffects":false,"showParticleSystems":false},"in2DMode":false,"pivot":{"x":480.0001220703125,"y":237.35009765625,"z":0.0},"rotation":{"x":0.01618945226073265,"y":0.0005969375488348305,"z":0.000006309108357527293,"w":-0.9998866319656372},"size":509.566650390625,"orthographic":false}